-- Insert into test table
INSERT INTO test (test_name, test_type, file_path, file_name, view) VALUES ('Sample Test 1', 'SCORE', '/path/to/file1', 'file Name 1', 0);
INSERT INTO test (test_name, test_type, file_path, file_name, view) VALUES ('Sample Test 2', 'SCORE', '/path/to/file1', 'file Name 1', 0);
INSERT INTO test (test_name, test_type, file_path, file_name, view) VALUES ('Sample Test 3', 'SCORE', '/path/to/file1', 'file Name 1', 0);
INSERT INTO test (test_name, test_type, file_path, file_name, view) VALUES ('Sample Test 4', 'SCORE', '/path/to/file1', 'file Name 1', 0);
INSERT INTO test (test_name, test_type, file_path, file_name, view) VALUES ('Sample Test 5', 'SCORE', '/path/to/file1', 'file Name 1', 0);
INSERT INTO test (test_name, test_type, file_path, file_name, view) VALUES ('Sample Test 6', 'SCORE', '/path/to/file1', 'file Name 1', 0);
INSERT INTO test (test_name, test_type, file_path, file_name, view) VALUES ('Sample Test 7', 'SCORE', '/path/to/file1', 'file Name 1', 0);
INSERT INTO test (test_name, test_type, file_path, file_name, view) VALUES ('Sample Test 8', 'SCORE', '/path/to/file1', 'file Name 1', 0);
INSERT INTO test (test_name, test_type, file_path, file_name, view) VALUES ('Sample Test 9', 'SCORE', '/path/to/file1', 'file Name 1', 0);
INSERT INTO test (test_name, test_type, file_path, file_name, view) VALUES ('Sample Test 10', 'SCORE', '/path/to/file1', 'file Name 1', 0);
INSERT INTO test (test_name, test_type, file_path, file_name, view) VALUES ('Sample Test 11', 'SCORE', '/path/to/file1', 'file Name 1', 0);
INSERT INTO test (test_name, test_type, file_path, file_name, view) VALUES ('Sample Test 12', 'SCORE', '/path/to/file1', 'file Name 1', 0);
INSERT INTO test (test_name, test_type, file_path, file_name, view) VALUES ('Sample Test 13', 'SCORE', '/path/to/file1', 'file Name 1', 0);
INSERT INTO test (test_name, test_type, file_path, file_name, view) VALUES ('Sample Test 14', 'SCORE', '/path/to/file1', 'file Name 1', 0);
INSERT INTO test (test_name, test_type, file_path, file_name, view) VALUES ('Sample Test 15', 'SCORE', '/path/to/file1', 'file Name 1', 0);
INSERT INTO test (test_name, test_type, file_path, file_name, view) VALUES ('Sample Test 16', 'SCORE', '/path/to/file1', 'file Name 1', 0);
INSERT INTO test (test_name, test_type, file_path, file_name, view) VALUES ('Sample Test 17', 'SCORE', '/path/to/file1', 'file Name 1', 0);

-- Get the last inserted test ID
SET @test_id1 = LAST_INSERT_ID();

-- Insert into question table
INSERT INTO question (test_id, question_text) VALUES (@test_id1, 'Question 1'), (@test_id1, 'Question 2'), (@test_id1, 'Question 3'), (@test_id1, 'Question 4');

-- Get IDs of the inserted questions
SET @question_id1 = (SELECT question_id FROM question WHERE question_text = 'Question 1' AND test_id = @test_id1);
SET @question_id2 = (SELECT question_id FROM question WHERE question_text = 'Question 2' AND test_id = @test_id1);
SET @question_id3 = (SELECT question_id FROM question WHERE question_text = 'Question 3' AND test_id = @test_id1);
SET @question_id4 = (SELECT question_id FROM question WHERE question_text = 'Question 4' AND test_id = @test_id1);

-- Insert into test table for second test
INSERT INTO test (test_name, test_type, file_path, file_name, view) VALUES ('Sample Test 2', 'PERSONALITY', '/path/to/file2', 'file Name 2', 0);

-- Get the last inserted test ID
SET @test_id2 = LAST_INSERT_ID();

-- Insert into question table for second test
INSERT INTO question (test_id, question_text) VALUES (@test_id2, 'Question 5'), (@test_id2, 'Question 6'), (@test_id2, 'Question 7'), (@test_id2, 'Question 8');

-- Get IDs of the inserted questions for second test
SET @question_id5 = (SELECT question_id FROM question WHERE question_text = 'Question 5' AND test_id = @test_id2);
SET @question_id6 = (SELECT question_id FROM question WHERE question_text = 'Question 6' AND test_id = @test_id2);
SET @question_id7 = (SELECT question_id FROM question WHERE question_text = 'Question 7' AND test_id = @test_id2);
SET @question_id8 = (SELECT question_id FROM question WHERE question_text = 'Question 8' AND test_id = @test_id2);

-- Insert into choice table for Personality with MBTI types and NULL for score
INSERT INTO choice (question_id, choice_text, score, dtype, personality) VALUES(@question_id5, 'Choice 1', NULL, 'Personality', 'ENFJ'),(@question_id5, 'Choice 2', NULL, 'Personality', 'INFP'),(@question_id6, 'Choice 1', NULL, 'Personality', 'INTJ'),(@question_id6, 'Choice 2', NULL, 'Personality', 'ESFJ'),(@question_id7, 'Choice 1', NULL, 'Personality', 'ISFP'),(@question_id7, 'Choice 2', NULL, 'Personality', 'ESTJ'),(@question_id8, 'Choice 1', NULL, 'Personality', 'ISTP'),(@question_id8, 'Choice 2', NULL, 'Personality', 'ENTP');

-- Insert into choice table for Score with random scores (0, 10, 20, ..., 100) and NULL for personality
INSERT INTO choice (question_id, choice_text, score, dtype, personality) VALUES(@question_id1, 'Choice 1', FLOOR(RAND() * 11) * 10, 'Score', NULL),(@question_id1, 'Choice 2', FLOOR(RAND() * 11) * 10, 'Score', NULL),(@question_id2, 'Choice 1', FLOOR(RAND() * 11) * 10, 'Score', NULL),(@question_id2, 'Choice 2', FLOOR(RAND() * 11) * 10, 'Score', NULL),(@question_id3, 'Choice 1', FLOOR(RAND() * 11) * 10, 'Score', NULL),(@question_id3, 'Choice 2', FLOOR(RAND() * 11) * 10, 'Score', NULL),(@question_id4, 'Choice 1', FLOOR(RAND() * 11) * 10, 'Score', NULL),(@question_id4, 'Choice 2', FLOOR(RAND() * 11) * 10, 'Score', NULL);

INSERT INTO result (test_id, file_path, file_name, score) VALUES(@test_id1, '/path/to/result/file1', 'result file Name 1', '85'),(@test_id2, '/path/to/result/file2', 'result file Name 2', '90');

INSERT INTO user (username, password, refresh_token) VALUES ('2', '2', 'refreshToken1');
INSERT INTO user (username, password, refresh_token) VALUES ('1', '1', 'refreshToken2');

-- Assuming user_id for 'user1' is 1 and for 'admin1' is 2
INSERT INTO user_role (user_id, role) VALUES (1, 'USER');
INSERT INTO user_role (user_id, role) VALUES (2, 'ADMIN');

--삭제하지 말길 .. .기억하길  --
-- !! 무조건 있어야하는거임 배포 할때 필수 !! --
INSERT INTO visit (visit_id,visit_count ) VALUES ("total_count", 0);

-- 0910이후 sql 문
---------------------------------------
-- Insert into test table
-- INSERT INTO test (test_name, test_type, file_path, file_name, view) VALUES ('Sample Test 1', 'SCORE', '/path/to/file1', 'file Name 1', 0), ('Sample Test 2', 'SCORE', '/path/to/file2', 'file Name 2', 0), ('Sample Test 3', 'SCORE', '/path/to/file3', 'file Name 3', 0), ('Sample Test 4', 'SCORE', '/path/to/file4', 'file Name 4', 0), ('Sample Test 5', 'SCORE', '/path/to/file5', 'file Name 5', 0), ('Sample Test 6', 'SCORE', '/path/to/file6', 'file Name 6', 0), ('Sample Test 7', 'SCORE', '/path/to/file7', 'file Name 7', 0), ('Sample Test 8', 'SCORE', '/path/to/file8', 'file Name 8', 0), ('Sample Test 9', 'SCORE', '/path/to/file9', 'file Name 9', 0), ('Sample Test 10', 'SCORE', '/path/to/file10', 'file Name 10', 0), ('Sample Test 11', 'SCORE', '/path/to/file11', 'file Name 11', 0), ('Sample Test 12', 'SCORE', '/path/to/file12', 'file Name 12', 0), ('Sample Test 13', 'SCORE', '/path/to/file13', 'file Name 13', 0), ('Sample Test 14', 'SCORE', '/path/to/file14', 'file Name 14', 0), ('Sample Test 15', 'SCORE', '/path/to/file15', 'file Name 15', 0), ('Sample Test 16', 'SCORE', '/path/to/file16', 'file Name 16', 0), ('Sample Test 17', 'SCORE', '/path/to/file17', 'file Name 17', 0), ('Sample Test 18', 'PERSONALITY', '/path/to/file18', 'file Name 18', 0);
--
-- -- Get the last inserted test ID
-- SET @test_id1 = LAST_INSERT_ID();
-- SET @test_id2 = (SELECT test_id FROM test WHERE test_name = 'Sample Test 18');
--
-- -- Insert into question table for SCORE type tests
-- INSERT INTO question (test_id, question_text) VALUES (@test_id1, 'Question 1'), (@test_id1, 'Question 2'), (@test_id1, 'Question 3'), (@test_id1, 'Question 4'), (@test_id1, 'Question 5'), (@test_id1, 'Question 6'), (@test_id1, 'Question 7'), (@test_id1, 'Question 8'), (@test_id1, 'Question 9'), (@test_id1, 'Question 10'), (@test_id1, 'Question 11'), (@test_id1, 'Question 12'), (@test_id1, 'Question 13'), (@test_id1, 'Question 14'), (@test_id1, 'Question 15'), (@test_id1, 'Question 16'), (@test_id1, 'Question 17'), (@test_id1, 'Question 18'), (@test_id1, 'Question 19'), (@test_id1, 'Question 20');
--
-- -- Insert into question table for PERSONALITY type test
-- INSERT INTO question (test_id, question_text) VALUES (@test_id2, 'Question 1'), (@test_id2, 'Question 2'), (@test_id2, 'Question 3'), (@test_id2, 'Question 4'), (@test_id2, 'Question 5'), (@test_id2, 'Question 6'), (@test_id2, 'Question 7'), (@test_id2, 'Question 8'), (@test_id2, 'Question 9'), (@test_id2, 'Question 10'), (@test_id2, 'Question 11'), (@test_id2, 'Question 12');
--
-- -- Insert into choice table for SCORE type tests with random scores
-- INSERT INTO choice (question_id, choice_text, score, dtype, personality) VALUES ((SELECT question_id FROM question WHERE question_text = 'Question 1' AND test_id = @test_id1), 'Choice 1', FLOOR(RAND() * 11) * 10, 'Score', NULL), ((SELECT question_id FROM question WHERE question_text = 'Question 1' AND test_id = @test_id1), 'Choice 2', FLOOR(RAND() * 11) * 10, 'Score', NULL), ((SELECT question_id FROM question WHERE question_text = 'Question 2' AND test_id = @test_id1), 'Choice 1', FLOOR(RAND() * 11) * 10, 'Score', NULL), ((SELECT question_id FROM question WHERE question_text = 'Question 2' AND test_id = @test_id1), 'Choice 2', FLOOR(RAND() * 11) * 10, 'Score', NULL), ((SELECT question_id FROM question WHERE question_text = 'Question 3' AND test_id = @test_id1), 'Choice 1', FLOOR(RAND() * 11) * 10, 'Score', NULL), ((SELECT question_id FROM question WHERE question_text = 'Question 3' AND test_id = @test_id1), 'Choice 2', FLOOR(RAND() * 11) * 10, 'Score', NULL), ((SELECT question_id FROM question WHERE question_text = 'Question 4' AND test_id = @test_id1), 'Choice 1', FLOOR(RAND() * 11) * 10, 'Score', NULL), ((SELECT question_id FROM question WHERE question_text = 'Question 4' AND test_id = @test_id1), 'Choice 2', FLOOR(RAND() * 11) * 10, 'Score', NULL), ((SELECT question_id FROM question WHERE question_text = 'Question 5' AND test_id = @test_id1), 'Choice 1', FLOOR(RAND() * 11) * 10, 'Score', NULL), ((SELECT question_id FROM question WHERE question_text = 'Question 5' AND test_id = @test_id1), 'Choice 2', FLOOR(RAND() * 11) * 10, 'Score', NULL), ((SELECT question_id FROM question WHERE question_text = 'Question 6' AND test_id = @test_id1), 'Choice 1', FLOOR(RAND() * 11) * 10, 'Score', NULL), ((SELECT question_id FROM question WHERE question_text = 'Question 6' AND test_id = @test_id1), 'Choice 2', FLOOR(RAND() * 11) * 10, 'Score', NULL), ((SELECT question_id FROM question WHERE question_text = 'Question 7' AND test_id = @test_id1), 'Choice 1', FLOOR(RAND() * 11) * 10, 'Score', NULL), ((SELECT question_id FROM question WHERE question_text = 'Question 7' AND test_id = @test_id1), 'Choice 2', FLOOR(RAND() * 11) * 10, 'Score', NULL), ((SELECT question_id FROM question WHERE question_text = 'Question 8' AND test_id = @test_id1), 'Choice 1', FLOOR(RAND() * 11) * 10, 'Score', NULL), ((SELECT question_id FROM question WHERE question_text = 'Question 8' AND test_id = @test_id1), 'Choice 2', FLOOR(RAND() * 11) * 10, 'Score', NULL), ((SELECT question_id FROM question WHERE question_text = 'Question 9' AND test_id = @test_id1), 'Choice 1', FLOOR(RAND() * 11) * 10, 'Score', NULL), ((SELECT question_id FROM question WHERE question_text = 'Question 9' AND test_id = @test_id1), 'Choice 2', FLOOR(RAND() * 11) * 10, 'Score', NULL), ((SELECT question_id FROM question WHERE question_text = 'Question 10' AND test_id = @test_id1), 'Choice 1', FLOOR(RAND() * 11) * 10, 'Score', NULL), ((SELECT question_id FROM question WHERE question_text = 'Question 10' AND test_id = @test_id1), 'Choice 2', FLOOR(RAND() * 11) * 10, 'Score', NULL), ((SELECT question_id FROM question WHERE question_text = 'Question 11' AND test_id = @test_id1), 'Choice 1', FLOOR(RAND() * 11) * 10, 'Score', NULL), ((SELECT question_id FROM question WHERE question_text = 'Question 11' AND test_id = @test_id1), 'Choice 2', FLOOR(RAND() * 11) * 10, 'Score', NULL), ((SELECT question_id FROM question WHERE question_text = 'Question 12' AND test_id = @test_id1), 'Choice 1', FLOOR(RAND() * 11) * 10, 'Score', NULL), ((SELECT question_id FROM question WHERE question_text = 'Question 12' AND test_id = @test_id1), 'Choice 2', FLOOR(RAND() * 11) * 10, 'Score', NULL), ((SELECT question_id FROM question WHERE question_text = 'Question 13' AND test_id = @test_id1), 'Choice 1', FLOOR(RAND() * 11) * 10, 'Score', NULL), ((SELECT question_id FROM question WHERE question_text = 'Question 13' AND test_id = @test_id1), 'Choice 2', FLOOR(RAND() * 11) * 10, 'Score', NULL), ((SELECT question_id FROM question WHERE question_text = 'Question 14' AND test_id = @test_id1), 'Choice 1', FLOOR(RAND() * 11) * 10, 'Score', NULL), ((SELECT question_id FROM question WHERE question_text = 'Question 14' AND test_id = @test_id1), 'Choice 2', FLOOR(RAND() * 11) * 10, 'Score', NULL), ((SELECT question_id FROM question WHERE question_text = 'Question 15' AND test_id = @test_id1), 'Choice 1', FLOOR(RAND() * 11) * 10, 'Score', NULL), ((SELECT question_id FROM question WHERE question_text = 'Question 15' AND test_id = @test_id1), 'Choice 2', FLOOR(RAND() * 11) * 10, 'Score', NULL), ((SELECT question_id FROM question WHERE question_text = 'Question 16' AND test_id = @test_id1), 'Choice 1', FLOOR(RAND() * 11) * 10, 'Score', NULL), ((SELECT question_id FROM question WHERE question_text = 'Question 16' AND test_id = @test_id1), 'Choice 2', FLOOR(RAND() * 11) * 10, 'Score', NULL), ((SELECT question_id FROM question WHERE question_text = 'Question 17' AND test_id = @test_id1), 'Choice 1', FLOOR(RAND() * 11) * 10, 'Score', NULL), ((SELECT question_id FROM question WHERE question_text = 'Question 17' AND test_id = @test_id1), 'Choice 2', FLOOR(RAND() * 11) * 10, 'Score', NULL), ((SELECT question_id FROM question WHERE question_text = 'Question 18' AND test_id = @test_id1), 'Choice 1', FLOOR(RAND() * 11) * 10, 'Score', NULL), ((SELECT question_id FROM question WHERE question_text = 'Question 18' AND test_id = @test_id1), 'Choice 2', FLOOR(RAND() * 11) * 10, 'Score', NULL), ((SELECT question_id FROM question WHERE question_text = 'Question 19' AND test_id = @test_id1), 'Choice 1', FLOOR(RAND() * 11) * 10, 'Score', NULL), ((SELECT question_id FROM question WHERE question_text = 'Question 19' AND test_id = @test_id1), 'Choice 2', FLOOR(RAND() * 11) * 10, 'Score', NULL), ((SELECT question_id FROM question WHERE question_text = 'Question 20' AND test_id = @test_id1), 'Choice 1', FLOOR(RAND() * 11) * 10, 'Score', NULL), ((SELECT question_id FROM question WHERE question_text = 'Question 20' AND test_id = @test_id1), 'Choice 2', FLOOR(RAND() * 11) * 10, 'Score', NULL);
--
-- -- Insert into choice table for PERSONALITY type test
-- INSERT INTO choice (question_id, choice_text, score, dtype, personality) VALUES ((SELECT question_id FROM question WHERE question_text = 'Question 1' AND test_id = @test_id2), 'Choice 1', NULL, 'Personality', 'Personality Type A'), ((SELECT question_id FROM question WHERE question_text = 'Question 1' AND test_id = @test_id2), 'Choice 2', NULL, 'Personality', 'Personality Type B'), ((SELECT question_id FROM question WHERE question_text = 'Question 2' AND test_id = @test_id2), 'Choice 1', NULL, 'Personality', 'Personality Type A'), ((SELECT question_id FROM question WHERE question_text = 'Question 2' AND test_id = @test_id2), 'Choice 2', NULL, 'Personality', 'Personality Type B'), ((SELECT question_id FROM question WHERE question_text = 'Question 3' AND test_id = @test_id2), 'Choice 1', NULL, 'Personality', 'Personality Type A'), ((SELECT question_id FROM question WHERE question_text = 'Question 3' AND test_id = @test_id2), 'Choice 2', NULL, 'Personality', 'Personality Type B'), ((SELECT question_id FROM question WHERE question_text = 'Question 4' AND test_id = @test_id2), 'Choice 1', NULL, 'Personality', 'Personality Type A'), ((SELECT question_id FROM question WHERE question_text = 'Question 4' AND test_id = @test_id2), 'Choice 2', NULL, 'Personality', 'Personality Type B'), ((SELECT question_id FROM question WHERE question_text = 'Question 5' AND test_id = @test_id2), 'Choice 1', NULL, 'Personality', 'Personality Type A'), ((SELECT question_id FROM question WHERE question_text = 'Question 5' AND test_id = @test_id2), 'Choice 2', NULL, 'Personality', 'Personality Type B'), ((SELECT question_id FROM question WHERE question_text = 'Question 6' AND test_id = @test_id2), 'Choice 1', NULL, 'Personality', 'Personality Type A'), ((SELECT question_id FROM question WHERE question_text = 'Question 6' AND test_id = @test_id2), 'Choice 2', NULL, 'Personality', 'Personality Type B'), ((SELECT question_id FROM question WHERE question_text = 'Question 7' AND test_id = @test_id2), 'Choice 1', NULL, 'Personality', 'Personality Type A'), ((SELECT question_id FROM question WHERE question_text = 'Question 7' AND test_id = @test_id2), 'Choice 2', NULL, 'Personality', 'Personality Type B'), ((SELECT question_id FROM question WHERE question_text = 'Question 8' AND test_id = @test_id2), 'Choice 1', NULL, 'Personality', 'Personality Type A'), ((SELECT question_id FROM question WHERE question_text = 'Question 8' AND test_id = @test_id2), 'Choice 2', NULL, 'Personality', 'Personality Type B'), ((SELECT question_id FROM question WHERE question_text = 'Question 9' AND test_id = @test_id2), 'Choice 1', NULL, 'Personality', 'Personality Type A'), ((SELECT question_id FROM question WHERE question_text = 'Question 9' AND test_id = @test_id2), 'Choice 2', NULL, 'Personality', 'Personality Type B'), ((SELECT question_id FROM question WHERE question_text = 'Question 10' AND test_id = @test_id2), 'Choice 1', NULL, 'Personality', 'Personality Type A'), ((SELECT question_id FROM question WHERE question_text = 'Question 10' AND test_id = @test_id2), 'Choice 2', NULL, 'Personality', 'Personality Type B'), ((SELECT question_id FROM question WHERE question_text = 'Question 11' AND test_id = @test_id2), 'Choice 1', NULL, 'Personality', 'Personality Type A'), ((SELECT question_id FROM question WHERE question_text = 'Question 11' AND test_id = @test_id2), 'Choice 2', NULL, 'Personality', 'Personality Type B'), ((SELECT question_id FROM question WHERE question_text = 'Question 12' AND test_id = @test_id2), 'Choice 1', NULL, 'Personality', 'Personality Type A'), ((SELECT question_id FROM question WHERE question_text = 'Question 12' AND test_id = @test_id2), 'Choice 2', NULL, 'Personality', 'Personality Type B');
